Time,"Minimum"
0.01,0.0040003
0.02,0.0036803
0.03,0.0034033
0.04,0.0031594
0.05,0.0030265
0.06,0.0029817
0.07,0.0030039
0.08,0.0030798
