Time,"Minimum"
0.01,0.0039975
0.02,0.0036918
0.03,0.0034335
0.04,0.0031958
0.05,0.0030596
0.06,0.0030036
