Time,"Minimum"
0.01,0.0040024
0.02,0.0037081
0.03,0.0034295
0.04,0.0031458
0.05,0.0029841
