Time,"Minimum"
0.01,0.0039954
0.02,0.003656
